[
  {
    "id": 1,
    "title": "Best Free Online Image Resizer",
    "content": "Learn how to resize images in pixels, percentage, cm, and inches using our free online tool. No software needed."
  },
  {
    "id": 2,
    "title": "How to Compress Images Without Losing Quality",
    "content": "Reduce your image size for faster websites and emails. Our compressor helps keep high quality while shrinking file size."
  },
  {
    "id": 3,
    "title": "Convert JPG to PNG, WebP, GIF, or SVG Online",
    "content": "Easily convert between image formats including SVG. Supports PNG, JPEG, GIF, WebP for free."
  },
  {
    "id": 4,
    "title": "Enhance Photos Online: Brightness, Contrast, Sharpness",
    "content": "Improve your photo quality instantly with our online enhancer tool. Perfect for social media images."
  },
  {
    "id": 5,
    "title": "Why Image Optimization Improves SEO and Speed",
    "content": "Optimized images load faster, boost Google ranking, and improve user experience. Learn why it's essential."
  }
]